{
  "project_info": {
    "project_number": "620236456243",
    "project_id": "mushify-12c46",
    "storage_bucket": "mushify-12c46.firebasestorage.app"
  },
  "client": [
    {
      "client_info": {
        "mobilesdk_app_id": "1:620236456243:android:0a5422198143abe9497e46",
        "android_client_info": {
          "package_name": "com.mushify.app"
        }
      },
      "oauth_client": [],
      "api_key": [
        {
          "current_key": "AIzaSyCr_Bt4qbGoUJc5WxA1zs-TGwUXN5ADaKM"
        }
      ],
      "services": {
        "appinvite_service": {
          "other_platform_oauth_client": []
        }
      }
    }
  ],
  "configuration_version": "1"
}